{"Ekns":[{"enough":8,"name":"野猪","number":0,"type":0},{"enough":8,"name":"野猪獠牙","number":0,"type":1}],"applylv":0,"exp":150,"explain":"在新宿村林外消灭10只野猪\n","from_name":"村长","goods":[{"applylv":0,"buy_price":0,"dura":0,"duramax":0,"icon":0,"kind":1,"name":"一级风刃术[法术]","price":0,"quality":0,"quantity":1},{"applylv":0,"buy_price":0,"dura":0,"duramax":0,"icon":0,"kind":2,"name":"村长的信","price":0,"quality":0,"quantity":1}],"money":20,"name":"驱赶野猪"}
